{"diametro": [0.012430939226519389, 0.028492156891933393, 0.09352304664294174, 0.1616922860214124, 0.23257478276860713, 0.30246544935181485, 0.3899870029301162, 0.47333775931393995, 0.5480114625507324, 0.6051149217345694, 0.6597165565394498, 0.7133641135689922, 0.7483530661651822, 0.7708327097279726, 0.7970506116023846, 0.8169361169544532, 0.8374777750311975, 0.8568702265157871, 0.880924189131865, 0.8990129507866265, 0.9205126049499345, 0.9411416304246165, 0.9591326323627256, 0.974688278288987, 0.9873368943308162, 0.9981484279140133, 0.9997753339809741, 0.9992941025039136, 0.9944307193291835, 0.9836937620783912, 0.9614097105663512, 0.9312092023574736, 0.8985434666380371, 0.8667790379755183, 0.835086409449476, 0.7984886444637016, 0.7644547420182365, 0.7409654616886537, 0.7228275900404095, 0.7091813432877757, 0.7002727863133552, 0.6949034356935586, 0.6947513812154696, 0.6945988729754803, 0.6895382788177236, 0.68076844667253, 0.6693273600819989, 0.6563541690369229, 0.6429288541811372, 0.626482641815165, 0.6078459273745728, 0.5882290983103712, 0.5688733542221714, 0.5493255105581485, 0.5268279263677043, 0.5068080753635263, 0.48746642431523673, 0.4703145215508936, 0.45267594589410465, 0.4341098981772329, 0.41724229321692924, 0.4021495684942043, 0.38469342835793086, 0.3709265655041867, 0.3628532762195515, 0.358315423828033, 0.3535911602209945, 0.34683265935728297, 0.3394751215992216, 0.33119207842438225, 0.3215657177179269, 0.31039102703982946, 0.29769255754919, 0.28258131263812203, 0.2708121533057956, 0.2615309379523726, 0.24292637687736188, 0.22481092583436832, 0.20943743151701816, 0.19927907142006449, 0.18781920962039142, 0.17730580978046753, 0.1706668227733027, 0.1685339457874459, 0.16850828729281775, 0.16722253306619783, 0.16648725938048906, 0.16569960880677764, 0.1624934574663352, 0.15889026532096537, 0.15692737269189938, 0.15592783849969094, 0.15360731506893854, 0.1493969800425513, 0.14134407124851064, 0.1307665511785203, 0.12273497888053443, 0.11227356330448153, 0.09689590597372044, 0.08563535911602217], "presion": [0.005390569116473522, 0.023286959680280432, 0.06119467979253822, 0.12120399515663448, 0.19119983957606257, 0.2845422626820758, 0.3894740384468111, 0.46408456586987984, 0.5507435007676752, 0.6121847433193575, 0.6758944036410379, 0.7178375124270485, 0.7502097487354759, 0.771909460569941, 0.7965207827085383, 0.8202173336837747, 0.8431166642158767, 0.864781946087797, 0.8854546439677086, 0.9059549662577994, 0.92627221548929, 0.9456088428995519, 0.9636563374096327, 0.9805595307011357, 0.9930654333923319, 0.9992636795506145, 1.0010712422231198, 1.0003941921203794, 0.9927946059165714, 0.980579140821104, 0.9584968574211329, 0.9158677972521493, 0.8677223035740852, 0.8097008015124267, 0.7532636646395271, 0.6996684550127231, 0.6600813533346181, 0.6261890705090261, 0.6041310110629908, 0.5949214656645082, 0.5901735501263513, 0.5863301120206938, 0.582813540287927, 0.5713639192422164, 0.5523539028724678, 0.5304348550410634, 0.5090155757693956, 0.48658508300304126, 0.4634400096970985, 0.4410491476956629, 0.4165402126777829, 0.3925136061696635, 0.36976244286798965, 0.3507985894112297, 0.3353300764779029, 0.3203418043121471, 0.30527500404418045, 0.2912492619658098, 0.2782232113492194, 0.2666866722440752, 0.25618434691719577, 0.2465248629182836, 0.23739081070407542, 0.2293142001635044, 0.2228736060585748, 0.21739141915371704, 0.21182944141860566, 0.20605925344670883, 0.20010498192647558, 0.19375734933711097, 0.1868115567666469, 0.17872817578911443, 0.1707769441723832, 0.16347588477808278, 0.15621212530885942, 0.14871515045425154, 0.142244308306151, 0.13648712677380165, 0.13200969519131672, 0.12931219796043575, 0.12845303867403313, 0.12845303867403313, 0.12845303867403313, 0.12868587520679603, 0.13087649345219807, 0.13258550068513084, 0.12873258065020732, 0.1198566796968695, 0.10793053933958667, 0.0936973590062889, 0.07955795865447318, 0.06703974997305538, 0.05587909282311667, 0.047830299977851244, 0.042089514480109884, 0.03778607078272699, 0.03499144047033405, 0.032605087755796465, 0.028514582499491528, 0.022594840382040075], "time": [0.0037965072133636923, 0.01382848991049445, 0.023860472607625208, 0.033892455304755965, 0.04392443800188672, 0.05395642069901748, 0.06398840339614824, 0.07402038609327899, 0.08405236879040975, 0.09408435148754052, 0.10411633418467127, 0.11414831688180202, 0.12418029957893278, 0.13421228227606355, 0.14424426497319429, 0.15427624767032505, 0.16430823036745582, 0.17434021306458658, 0.18437219576171734, 0.19440417845884808, 0.20443616115597885, 0.2144681438531096, 0.22450012655024035, 0.2345321092473711, 0.24456409194450188, 0.2545960746416326, 0.2646280573387634, 0.27466004003589417, 0.28469202273302485, 0.29472400543015564, 0.30475598812728644, 0.31478797082441723, 0.3248199535215479, 0.3348519362186787, 0.3448839189158095, 0.3549159016129402, 0.36494788431007097, 0.37497986700720176, 0.38501184970433244, 0.39504383240146324, 0.405075815098594, 0.4151077977957247, 0.4251397804928555, 0.4351717631899863, 0.445203745887117, 0.45523572858424777, 0.46526771128137856, 0.47529969397850935, 0.48533167667564003, 0.4953636593727708, 0.5053956420699015, 0.5154276247670323, 0.5254596074641631, 0.5354915901612938, 0.5455235728584246, 0.5555555555555554, 0.565587538252686, 0.5756195209498168, 0.5856515036469476, 0.5956834863440784, 0.6057154690412091, 0.6157474517383399, 0.6257794344354707, 0.6358114171326014, 0.6458433998297322, 0.655875382526863, 0.6659073652239936, 0.6759393479211244, 0.6859713306182552, 0.6960033133153859, 0.7060352960125167, 0.7160672787096475, 0.7260992614067783, 0.736131244103909, 0.7461632268010397, 0.7561952094981705, 0.7662271921953012, 0.776259174892432, 0.7862911575895628, 0.7963231402866935, 0.8063551229838243, 0.8163871056809551, 0.8264190883780858, 0.8364510710752165, 0.8464830537723473, 0.856515036469478, 0.8665470191666088, 0.8765790018637396, 0.8866109845608703, 0.8966429672580011, 0.9066749499551319, 0.9167069326522627, 0.9267389153493933, 0.9367708980465241, 0.9468028807436549, 0.9568348634407856, 0.9668668461379164, 0.9768988288350472, 0.9869308115321779, 0.9969627942293087]}